appid,name,playtime_forever_min,playtime_forever_hrs,playtime_category,has_trading_cards,card_drops_remaining,achievements_status
1021770, Wanba Warriors,126,2.1,Played,Yes,No,No Achievements
435790,10 Second Ninja X,230,3.83,Played,Yes,No,In Progress
282800,100% Orange Juice,183,3.05,Played,Yes,No,Not Started
735580,11-11 Memories Retold,181,3.02,Played,Yes,No,Not Started
410110,12 is Better Than 6,403,6.72,Played,Yes,No,Not Started
375460,16bit Trader,371,6.18,Played,Yes,No,Not Started
373480,1993 Space Machine,407,6.78,Played,Yes,No,Not Started
335190,200% Mixed Juice!,180,3,Played,Yes,No,Not Started
444420,24 Hours 'til Rescue,184,3.07,Played,No,No,Not Started
1292630,3on3 FreeStyle: Rebound,50,0.83,Short Playtime (< 1 hr),Yes,No,Not Started
47000,4 Elements,0,0,Never Played,No,No,Not Started
1494140,7Days Origins,0,0,Never Played,No,No,Not Started
714360,A Shawn Story,62,1.03,Played,No,No,Not Started
278360,A Story About My Uncle,371,6.18,Played,Yes,No,Not Started
319540,A Year Of Rain,0,0,Never Played,No,No,Not Started
346110,ARK: Survival Evolved,441,7.35,Played,No,No,Not Started
407530,ARK: Survival Of The Fittest,0,0,Never Played,No,No,No Achievements
319830,AX:EL,177,2.95,Played,Yes,No,Not Started
390710,Acceleration of SUGURI 2,184,3.07,Played,Yes,No,Not Started
806140,Achievement printer,168,2.8,Played,Yes,No,Completed
382080,Action Alien,191,3.18,Played,Yes,No,Not Started
3800,Advent Rising,315,5.25,Played,Yes,No,No Achievements
371140,Aegis Defenders,184,3.07,Played,No,No,Not Started
592730,Aerial Destruction,184,3.07,Played,Yes,No,Not Started
226840,Age of Wonders III,183,3.05,Played,Yes,No,Not Started
304530,Agents of Mayhem,326,5.43,Played,Yes,No,Not Started
726340,Alchemist's Castle,0,0,Never Played,No,No,Not Started
935400,Alchemy Garden,40,0.67,Short Playtime (< 1 hr),Yes,No,Not Started
562430,Alien Hostage,191,3.18,Played,Yes,No,Not Started
685230,Alienzix,62,1.03,Played,No,No,No Achievements
34010,Alpha Protocol,181,3.02,Played,No,No,No Achievements
239200,Amnesia: A Machine for Pigs,181,3.02,Played,No,No,Not Started
57300,Amnesia: The Dark Descent,180,3,Played,No,No,Not Started
1356040,Ampersat,0,0,Never Played,Yes,No,Not Started
720380,Ancestors Legacy Free Peasant Edition,62,1.03,Played,No,No,No Achievements
450860,Andarilho,399,6.65,Played,Yes,No,Not Started
327220,Anna's Quest,167,2.78,Played,Yes,No,Not Started
1172470,Apex Legends,1749,29.15,Long Playtime (> 10 hrs),Yes,No,Not Started
325180,AppGameKit Classic,177,2.95,Played,No,No,No Achievements
280160,Aragami,185,3.08,Played,Yes,No,Not Started
727020,Arcade Moonlander,62,1.03,Played,No,No,Not Started
65790,Arma: Cold War Assault,62,1.03,Played,No,No,No Achievements
594550,Arma: Cold War Assault Mac/Linux,62,1.03,Played,No,No,No Achievements
583950,Artifact Classic,62,1.03,Played,No,No,No Achievements
1269260,Artifact Foundry,43,0.72,Short Playtime (< 1 hr),No,No,No Achievements
507490,Ashes of the Singularity: Escalation,274,4.57,Played,Yes,No,Not Started
1234940,Astronarch,306,5.1,Played,Yes,No,Not Started
753660,AtmaSphere,0,0,Never Played,Yes,No,Not Started
348510,Autobahn Police Simulator,177,2.95,Played,Yes,No,Not Started
473520,Autumn,43,0.72,Short Playtime (< 1 hr),Yes,No,No Achievements
1641830,Axis Football 2021,0,0,Never Played,No,No,Not Started
637090,BATTLETECH,407,6.78,Played,Yes,No,Not Started
618140,Barro,106,1.77,Played,Yes,No,Completed
1168660,Barro 2020,238,3.97,Played,Yes,No,Not Started
1797610,Barro 22,99,1.65,Played,Yes,No,Not Started
1239260,Barro F,296,4.93,Played,Yes,No,Not Started
1990740,Barro GT,0,0,Never Played,Yes,No,Not Started
1307090,Barro Racing,239,3.98,Played,Yes,No,Not Started
35140,Batman: Arkham Asylum GOTY Edition,579,9.65,Played,Yes,No,In Progress
200260,Batman: Arkham City GOTY,283,4.72,Played,Yes,No,Not Started
209000,Batman™: Arkham Origins,320,5.33,Played,Yes,No,Not Started
601590,BattleTrucks,131,2.18,Played,Yes,No,No Achievements
684720,Battlegun,67,1.12,Played,No,No,No Achievements
544610,Battlestar Galactica Deadlock,0,0,Never Played,Yes,No,Not Started
461950,Beat Cop,219,3.65,Played,Yes,No,Not Started
49600,Beat Hazard,459,7.65,Played,Yes,No,Not Started
514550,Beat The Dictators,256,4.27,Played,No,No,No Achievements
529440,Behold the Kickmen,0,0,Never Played,No,No,Not Started
475550,Beholder,176,2.93,Played,Yes,No,Not Started
285070,Between Me and The Night,295,4.92,Played,Yes,No,Not Started
1158500,Between Two Castles - Digital Edition,43,0.72,Short Playtime (< 1 hr),No,No,No Achievements
928050,Between the Stars Demo,65,1.08,Played,No,No,No Achievements
203750,Binary Domain,177,2.95,Played,No,No,Not Started
704190,Bitcoin Collector,233,3.88,Played,No,No,Completed
1621560,Black One Blood Brothers,89,1.48,Played,No,No,Not Started
550650,Black Squad,176,2.93,Played,Yes,No,Not Started
729660,Blackout Z: Slaughterhouse Edition,62,1.03,Played,Yes,No,Not Started
1254120,Bless Unleashed,118,1.97,Played,Yes,No,Not Started
1373550,BloodRayne 2: Terminal Cut,156,2.6,Played,Yes,No,Not Started
1220150,Blue Fire,1,0.02,Short Playtime (< 1 hr),No,No,Not Started
1394220,Blue Fire Demo,848,14.13,Long Playtime (> 10 hrs),No,No,No Achievements
1793350,Blue Fire: Void Maker,0,0,Never Played,No,No,No Achievements
537800,Bomber Crew,262,4.37,Played,Yes,No,Not Started
536750,BoomTown! Deluxe,159,2.65,Played,Yes,No,Not Started
49520,Borderlands 2,911,15.18,Long Playtime (> 10 hrs),Yes,No,In Progress
397540,Borderlands 3,902,15.03,Long Playtime (> 10 hrs),Yes,No,In Progress
8980,Borderlands GOTY,0,0,Never Played,No,No,Not Started
729040,Borderlands GOTY Enhanced,0,0,Never Played,No,No,Not Started
261640,Borderlands: The Pre-Sequel,92,1.53,Played,Yes,No,Not Started
851820,Boxes Inc.,54,0.9,Short Playtime (< 1 hr),No,No,Not Started
285800,Braveland,147,2.45,Played,Yes,No,In Progress
225260,Brütal Legend,189,3.15,Played,Yes,No,Not Started
823180,Bubble Strike,53,0.88,Short Playtime (< 1 hr),No,No,No Achievements
1269950,Buddy Simulator 1984,303,5.05,Played,Yes,No,Not Started
473800,Bullet Life 2010,0,0,Never Played,No,No,No Achievements
554530,CRACKHEAD,288,4.8,Played,Yes,No,Completed
344740,CRYPTARK,0,0,Never Played,No,No,Not Started
204450,Call of Juarez Gunslinger,54,0.9,Short Playtime (< 1 hr),Yes,No,Not Started
1857920,Camp Canyonwood Demo,0,0,Never Played,No,No,No Achievements
275490,Canyon Capers,162,2.7,Played,Yes,No,Not Started
1755910,Capcom Arcade 2nd Stadium,0,0,Never Played,Yes,No,Not Started
1515950,Capcom Arcade Stadium,204,3.4,Played,Yes,No,Not Started
920690,CardLife,0,0,Never Played,No,No,No Achievements
704040,Castle Clicker,53,0.88,Short Playtime (< 1 hr),Yes,No,Not Started
651520,Castle Defender,0,0,Never Played,No,No,No Achievements
763400,Cave Runner,54,0.9,Short Playtime (< 1 hr),No,No,Not Started
23460,Ceville,0,0,Never Played,No,No,No Achievements
620130,Chaos Town,206,3.43,Played,Yes,No,Not Started
1978180,Charlotte: Dragon Slayer,0,0,Never Played,No,No,Not Started
1454730,Chenso Club,0,0,Never Played,No,No,Not Started
259340,Chicken Shoot Gold,81,1.35,Played,Yes,No,No Achievements
518120,Chimpact 1 - Chuck's Adventure,73,1.22,Played,No,No,In Progress
790860,Chocolate makes you happy 3,54,0.9,Short Playtime (< 1 hr),No,No,Unknown
844160,Chocolate makes you happy 5,54,0.9,Short Playtime (< 1 hr),No,No,Not Started
864570,Chocolate makes you happy 6,53,0.88,Short Playtime (< 1 hr),No,No,Not Started
292570,Chompy Chomp Chomp,125,2.08,Played,Yes,No,Not Started
539440,Citalis,134,2.23,Played,Yes,No,No Achievements
578590,City Siege: Faction Island,43,0.72,Short Playtime (< 1 hr),Yes,No,Not Started
317410,Color Symphony,134,2.23,Played,No,No,No Achievements
375320,Colortone,369,6.15,Played,Yes,No,No Achievements
6830,Commandos 2: Men of Courage,0,0,Never Played,No,No,No Achievements
228200,Company of Heroes ,303,5.05,Played,Yes,No,No Achievements
4560,Company of Heroes - Legacy Edition,54,0.9,Short Playtime (< 1 hr),Yes,No,No Achievements
231430,Company of Heroes 2,125,2.08,Played,Yes,No,Not Started
1872860,Conrad Stevenson's Paranormal P.I.,0,0,Never Played,No,No,Not Started
2881650,Content Warning,0,0,Never Played,No,No,No Achievements
439930,Control Craft 2,179,2.98,Played,Yes,No,Not Started
10,Counter-Strike,191,3.18,Played,No,No,No Achievements
730,Counter-Strike 2,7072,117.87,Long Playtime (> 10 hrs),Yes,No,Not Started
80,Counter-Strike: Condition Zero,60,1,Played,No,No,No Achievements
100,Counter-Strike: Condition Zero Deleted Scenes,54,0.9,Short Playtime (< 1 hr),No,No,No Achievements
240,Counter-Strike: Source,64,1.07,Played,No,No,Not Started
666960,Cowboy's Adventure,0,0,Never Played,No,No,No Achievements
529420,Crazy Sapper 3D,238,3.97,Played,Yes,No,Not Started
1028730,Creo God Simulator,0,0,Never Played,No,No,Not Started
1061180,Crumble,179,2.98,Played,Yes,No,Not Started
203770,Crusader Kings II,126,2.1,Played,Yes,No,Not Started
1355780,Crushed,295,4.92,Played,Yes,No,Not Started
235720,Cubetractor,920,15.33,Long Playtime (> 10 hrs),No,No,In Progress
349500,Cubicle Quest,91,1.52,Played,Yes,No,No Achievements
1667400,Cute Cats,65,1.08,Played,Yes,No,Not Started
928840,Cybarian: The Time Travelling Warrior,38,0.63,Short Playtime (< 1 hr),Yes,No,Not Started
654350,Cyber Utopia,53,0.88,Short Playtime (< 1 hr),No,No,No Achievements
755980,DEPLOYMENT,65,1.08,Played,No,No,Not Started
395170,DISTRAINT: Deluxe Edition,101,1.68,Played,Yes,No,Not Started
29900,Dark Sector,0,0,Never Played,No,No,No Achievements
280640,Dark Shadows - Army of Evil,108,1.8,Played,Yes,No,No Achievements
50620,Darksiders,0,0,Never Played,No,No,Not Started
606280,Darksiders III,210,3.5,Played,Yes,No,Not Started
462780,Darksiders Warmastered Edition,228,3.8,Played,Yes,No,Not Started
490860,DashBored,54,0.9,Short Playtime (< 1 hr),Yes,No,Not Started
303390,Dead Bits,175,2.92,Played,Yes,No,No Achievements
383180,Dead Island Riptide Definitive Edition,0,0,Never Played,Yes,No,Not Started
667890,Dead Maze,72,1.2,Played,Yes,No,Not Started
381210,Dead by Daylight,1319,21.98,Long Playtime (> 10 hrs),Yes,No,Not Started
311730,Dead or Alive 5 Last Round,54,0.9,Short Playtime (< 1 hr),No,No,Not Started
520720,Dear Esther: Landmark Edition,38,0.63,Short Playtime (< 1 hr),No,No,Not Started
414550,Death Toll,54,0.9,Short Playtime (< 1 hr),No,No,Not Started
9800,Death to Spies,80,1.33,Played,No,No,No Achievements
34410,Death to Spies: Moment of Truth,80,1.33,Played,No,No,No Achievements
603150,Defence to death,138,2.3,Played,Yes,No,Not Started
760620,Deiland,54,0.9,Short Playtime (< 1 hr),Yes,No,Not Started
1623700,Deiland: Pocket Planet Edition,54,0.9,Short Playtime (< 1 hr),No,No,Not Started
470740,Demolish & Build 2017,54,0.9,Short Playtime (< 1 hr),No,No,No Achievements
292910,Deponia: The Complete Journey,138,2.3,Played,Yes,No,Not Started
1221230,Derange,0,0,Never Played,No,No,Not Started
226620,Desktop Dungeons,0,0,Never Played,Yes,No,Not Started
1976950,Desktop Dungeons: Rewind,0,0,Never Played,No,No,Not Started
671510,Desolate,181,3.02,Played,Yes,No,Not Started
699920,Despotism 3k,0,0,Never Played,Yes,No,Not Started
1085660,Destiny 2,1194,19.9,Long Playtime (> 10 hrs),No,No,Not Started
919220,Destiny or Fate,88,1.47,Played,No,No,Not Started
1316800,Destropolis,0,0,Never Played,No,No,Not Started
1194490,Dethcube,54,0.9,Short Playtime (< 1 hr),No,No,No Achievements
1670880,Devils Gold,54,0.9,Short Playtime (< 1 hr),No,No,No Achievements
310560,DiRT Rally,137,2.28,Played,Yes,No,Not Started
284220,Diadra Empty,221,3.68,Played,Yes,No,Not Started
663920,Died Of Fear,56,0.93,Short Playtime (< 1 hr),No,No,No Achievements
379600,Diner Mania,81,1.35,Played,No,No,No Achievements
847400,Disgaea 5 Complete Demo,1,0.02,Short Playtime (< 1 hr),No,No,No Achievements
1075950,Disintegration Technical Beta,80,1.33,Played,No,No,No Achievements
569610,Distant Space,197,3.28,Played,Yes,No,Not Started
729460,Distant Space 2,0,0,Never Played,No,No,Not Started
1059380,Dollhouse Open Beta,1,0.02,Short Playtime (< 1 hr),No,No,No Achievements
570,Dota 2,1616,26.93,Long Playtime (> 10 hrs),Yes,No,No Achievements
289840,Dracula 3: The Path of the Dragon,66,1.1,Played,No,No,No Achievements
279560,Dracula 4 and  5 - Special Steam Edition,66,1.1,Played,No,No,No Achievements
769370,Dragon Boar and Lady Rabbit,0,0,Never Played,No,No,No Achievements
418270,Draw Slasher,79,1.32,Played,Yes,No,In Progress
442070,Drawful 2,52,0.87,Short Playtime (< 1 hr),No,No,Not Started
803110,Dread station,165,2.75,Played,No,No,No Achievements
3463050,Dreams of Aether,0,0,Never Played,No,No,Not Started
718650,Driftland: The Magic Revival,97,1.62,Played,Yes,No,Not Started
556130,"Drones, The Human Condition",71,1.18,Played,Yes,No,Not Started
290000,DubWars,180,3,Played,Yes,No,Not Started
495910,Dungeon Fighter Online,0,0,Never Played,Yes,No,Not Started
302310,Dungeon of Elements,341,5.68,Played,Yes,No,Not Started
249050,Dungeon of the ENDLESS™,0,0,Never Played,Yes,No,Not Started
766370,Dying Light: Bad Blood,130,2.17,Played,Yes,No,No Achievements
727850,ELDERBORN,169,2.82,Played,Yes,No,Not Started
289130,ENDLESS™ Legend,398,6.63,Played,Yes,No,Not Started
208140,ENDLESS™ Space - Definitive Edition,319,5.32,Played,Yes,No,Not Started
392110,ENDLESS™ Space 2,371,6.18,Played,Yes,No,Not Started
232050,Eador. Masters of the Broken World,136,2.27,Played,Yes,No,Not Started
253880,Earth 2150 Trilogy,121,2.02,Played,Yes,No,No Achievements
259300,Earth 2150: Lost Souls,63,1.05,Played,No,No,No Achievements
259280,Earth 2150: The Moon Project,63,1.05,Played,No,No,No Achievements
391580,Egyptian Senet,80,1.33,Played,No,No,No Achievements
509840,El Ninja (Beta),214,3.57,Played,Yes,No,In Progress
1858910,Elderand Demo,0,0,Never Played,No,No,No Achievements
1062830,Embr,259,4.32,Played,Yes,No,Not Started
833390,En Tactico,0,0,Never Played,No,No,No Achievements
253980,Enclave,92,1.53,Played,Yes,No,No Achievements
428430,Endorlight,146,2.43,Played,Yes,No,No Achievements
467370,Escape This,191,3.18,Played,Yes,No,Not Started
582890,Estranged: The Departure,71,1.18,Played,No,No,Not Started
1049590,Eternal Return,0,0,Never Played,Yes,No,No Achievements
3720,Evil Genius,63,1.05,Played,No,No,No Achievements
359310,Evoland 2,88,1.47,Played,No,No,Not Started
1020470,Evoland Legendary Edition,51,0.85,Short Playtime (< 1 hr),No,No,Not Started
510840,Evolvation,188,3.13,Played,Yes,No,Not Started
505740,Eximius: Seize the Frontline,288,4.8,Played,Yes,No,Not Started
21100,F.E.A.R. 3,57,0.95,Short Playtime (< 1 hr),No,No,Not Started
286570,F1 2015,224,3.73,Played,Yes,No,Not Started
737800,F1 2018,70,1.17,Played,No,No,Not Started
1506830,FIFA 22,1088,18.13,Long Playtime (> 10 hrs),No,No,In Progress
2484110,FINAL FANTASY VII EVER CRISIS,0,0,Never Played,Yes,No,Not Started
265000,FORCED SHOWDOWN,0,0,Never Played,No,No,Not Started
427520,Factorio,2031,33.85,Long Playtime (> 10 hrs),No,No,In Progress
397060,Faeria,80,1.33,Played,Yes,No,Not Started
770400,Fairy of the treasures,76,1.27,Played,No,No,Completed
670090,FallenCore,56,0.93,Short Playtime (< 1 hr),No,No,Not Started
1025440,Fantasy General II,0,0,Never Played,Yes,No,Not Started
575920,Felix Jumpman,215,3.58,Played,Yes,No,No Achievements
660160,Field of Glory II,0,0,Never Played,No,No,Not Started
1368870,Field of Glory II: Medieval,0,0,Never Played,No,No,Not Started
493540,Figment,0,0,Never Played,Yes,No,Not Started
564210,Fishermurs,190,3.17,Played,Yes,No,Not Started
380600,Fishing Planet,223,3.72,Played,No,No,Not Started
661000,Flow:The Sliding,80,1.33,Played,No,No,Not Started
324090,Football Club Simulator - FCS #21,0,0,Never Played,No,No,Not Started
664870,Forgotten Faces,56,0.93,Short Playtime (< 1 hr),No,No,No Achievements
334210,Fortified,134,2.23,Played,Yes,No,Not Started
751240,Fractured Lands,71,1.18,Played,No,No,No Achievements
795100,Friday the 13th: Killer Puzzle,243,4.05,Played,Yes,No,In Progress
878580,GARAGE: Bad Trip,149,2.48,Played,Yes,No,Not Started
555000,GOAT OF DUTY,71,1.18,Played,Yes,No,Not Started
44350,GRID 2,159,2.65,Played,Yes,No,In Progress
683320,GRIS,569,9.48,Played,Yes,No,In Progress
202200,Galactic Civilizations II: Ultimate Edition,57,0.95,Short Playtime (< 1 hr),No,No,No Achievements
266310,GameGuru Classic,66,1.1,Played,Yes,No,No Achievements
1078000,Gamecraft,51,0.85,Short Playtime (< 1 hr),No,No,No Achievements
350300,Gang of Four,47,0.78,Short Playtime (< 1 hr),No,No,No Achievements
1085510,Garfield Kart - Furious Racing,0,0,Never Played,No,No,Not Started
565020,Global Adventures,71,1.18,Played,Yes,No,No Achievements
200020,Global Ops: Commando Libya,98,1.63,Played,Yes,No,Not Started
251870,Go! Go! Nippon! ~My First Trip to Japan~,63,1.05,Played,Yes,No,No Achievements
437570,GoNNER,232,3.87,Played,Yes,No,Not Started
770500,Goblin Gearshop,46,0.77,Short Playtime (< 1 hr),No,No,No Achievements
843500,God Vs Zombies,57,0.95,Short Playtime (< 1 hr),No,No,No Achievements
1245430,Golden Light,0,0,Never Played,Yes,No,Not Started
253920,Gorky 17,366,6.1,Played,Yes,No,No Achievements
1496790,Gotham Knights,37,0.62,Short Playtime (< 1 hr),No,No,Not Started
546410,Grab the Bottle,190,3.17,Played,Yes,No,Not Started
1247360,Grand Mountain Adventure,0,0,Never Played,No,No,Not Started
657590,Grav Blazer,56,0.93,Short Playtime (< 1 hr),No,No,Not Started
549100,GravNewton,96,1.6,Played,Yes,No,Not Started
363480,Grave Prosperity: Redux- part 1,0,0,Never Played,No,No,No Achievements
1326540,Gravewood High Demo,63,1.05,Played,No,No,No Achievements
454970,Gravity Den,172,2.87,Played,Yes,No,Not Started
465050,Grey Phobia,64,1.07,Played,No,No,No Achievements
219990,Grim Dawn,137,2.28,Played,Yes,No,Not Started
252150,Grimm,176,2.93,Played,Yes,No,No Achievements
275390,Guacamelee! Super Turbo Championship Edition,87,1.45,Played,Yes,No,In Progress
678820,Gun-Running War Dogs,56,0.93,Short Playtime (< 1 hr),No,No,Not Started
608800,Guns of Icarus Alliance,58,0.97,Short Playtime (< 1 hr),No,No,Not Started
209080,Guns of Icarus Online,144,2.4,Played,Yes,No,Not Started
328100,Gunspell: Steam Edition,47,0.78,Short Playtime (< 1 hr),No,No,No Achievements
588210,HELLION,58,0.97,Short Playtime (< 1 hr),Yes,No,Not Started
1659040,HITMAN World of Assassination,0,0,Never Played,Yes,No,Not Started
236870,HITMAN™,148,2.47,Played,Yes,No,In Progress
863550,HITMAN™ 2,94,1.57,Played,Yes,No,In Progress
468330,HIVE,116,1.93,Played,Yes,No,Not Started
1271140,HUMANKIND™ - Closed Beta,94,1.57,Played,No,No,No Achievements
365450,Hacknet,201,3.35,Played,Yes,No,Not Started
70,Half-Life,0,0,Never Played,No,No,No Achievements
220,Half-Life 2,216,3.6,Played,Yes,No,Not Started
320,Half-Life 2: Deathmatch,0,0,Never Played,No,No,No Achievements
360,Half-Life Deathmatch: Source,0,0,Never Played,No,No,No Achievements
98400,Hard Reset,39,0.65,Short Playtime (< 1 hr),No,No,Not Started
485310,Head Shot,315,5.25,Played,Yes,No,No Achievements
797410,Headsnatchers,46,0.77,Short Playtime (< 1 hr),Yes,No,Not Started
1253880,Heart Fragment,38,0.63,Short Playtime (< 1 hr),No,No,Not Started
476480,Heaven Forest - VR MMO,114,1.9,Played,Yes,No,Not Started
400250,Heaven Island - VR MMO,220,3.67,Played,Yes,No,Not Started
422100,Heaven Island Life,29,0.48,Short Playtime (< 1 hr),Yes,No,No Achievements
331360,Heavy Metal Machines,47,0.78,Short Playtime (< 1 hr),Yes,No,No Achievements
344300,Heckabomb,114,1.9,Played,Yes,No,Not Started
259320,Heli Heroes,267,4.45,Played,Yes,No,No Achievements
802200,Hellbound: Survival Mode,46,0.77,Short Playtime (< 1 hr),No,No,No Achievements
1608450,Hellslave,0,0,Never Played,No,No,Not Started
1437820,Heroes of the Three Kingdoms,37,0.62,Short Playtime (< 1 hr),No,No,No Achievements
726070,Hidden Object - Sweet Home,138,2.3,Played,No,No,Completed
317920,Hills Of Glory 3D,47,0.78,Short Playtime (< 1 hr),No,No,No Achievements
427820,Hitman GO: Definitive Edition,158,2.63,Played,Yes,No,Not Started
586790,Hold your houses,219,3.65,Played,Yes,No,No Achievements
367520,Hollow Knight,1909,31.82,Long Playtime (> 10 hrs),Yes,No,In Progress
55100,Homefront,71,1.18,Played,No,No,Not Started
667360,Hooligan Vasja: Christmas,114,1.9,Played,No,No,Not Started
711770,Hotel Dracula,126,2.1,Played,No,No,No Achievements
609920,Hotshot Racing,0,0,Never Played,No,No,Not Started
850800,Huawei VR2 driver,0,0,Never Played,No,No,No Achievements
383270,Hue,429,7.15,Played,No,No,In Progress
402390,Hyperdrive Massacre,118,1.97,Played,Yes,No,Not Started
737530,I'm Lost,0,0,Never Played,No,No,Not Started
684200,Icons: Legacy Edition,56,0.93,Short Playtime (< 1 hr),No,No,No Achievements
627690,Idle Champions of the Forgotten Realms,426,7.1,Played,Yes,No,In Progress
45410,Ignite,80,1.33,Played,No,No,Not Started
1206790,Infinite Dronin,0,0,Never Played,No,No,Not Started
274980,Influent,259,4.32,Played,Yes,No,Not Started
242700,Injustice: Gods Among Us Ultimate Edition,63,1.05,Played,Yes,No,Not Started
575780,Inner silence,138,2.3,Played,Yes,No,Not Started
222880,Insurgency,105,1.75,Played,Yes,No,Not Started
579110,Interkosmos,71,1.18,Played,No,No,Not Started
1136160,Internet Cafe Simulator,0,0,Never Played,No,No,Not Started
1486630,Intravenous,0,0,Never Played,Yes,No,Not Started
224900,Iron Sky Invasion,176,2.93,Played,Yes,No,Not Started
2071500,Islands of Insight,0,0,Never Played,No,No,No Achievements
1703140,Isle of Jura,152,2.53,Played,Yes,No,Not Started
826600,I’m not a Monster,57,0.95,Short Playtime (< 1 hr),No,No,Not Started
253960,Jack Orlando Director's Cut,100,1.67,Played,Yes,No,No Achievements
630040,JackHammer,58,0.97,Short Playtime (< 1 hr),No,No,No Achievements
283270,Jagged Alliance Gold,66,1.1,Played,No,No,No Achievements
262260,Jets'n'Guns Gold,190,3.17,Played,Yes,No,Not Started
673220,Joumee The Hedgehog,56,0.93,Short Playtime (< 1 hr),No,No,Not Started
225540,Just Cause 3,659,10.98,Long Playtime (> 10 hrs),Yes,No,In Progress
343710,KHOLAT,137,2.28,Played,Yes,No,Not Started
757170,KOLOBOK,75,1.25,Played,No,No,No Achievements
1048540,Kao the Kangaroo: Round 2,51,0.85,Short Playtime (< 1 hr),Yes,No,Not Started
1194260,KartRider: Drift Closed Beta,57,0.95,Short Playtime (< 1 hr),No,No,No Achievements
370910,Kathy Rain,167,2.78,Played,Yes,No,Not Started
699240,Keyboard Killers,17,0.28,Short Playtime (< 1 hr),No,No,In Progress
232090,Killing Floor 2,328,5.47,Played,Yes,No,Not Started
1036440,Kingdom Wars 2: Definitive Edition,0,0,Never Played,No,No,Not Started
1300700,Kingdom Wars 4,0,0,Never Played,No,No,Not Started
368230,Kingdom: Classic,192,3.2,Played,Yes,No,Not Started
399230,Kitchen Simulator 2015,228,3.8,Played,Yes,No,No Achievements
254060,KnightShift,91,1.52,Played,Yes,No,No Achievements
1911390,Knightfall: A Daring Journey,80,1.33,Played,No,No,No Achievements
253900,Knights and Merchants,52,0.87,Short Playtime (< 1 hr),Yes,No,No Achievements
285160,LEGO® The Hobbit™,114,1.9,Played,No,No,Not Started
214510,LEGO® The Lord of the Rings™,57,0.95,Short Playtime (< 1 hr),No,No,Not Started
48000,LIMBO,526,8.77,Played,Yes,No,Completed
266010,LYNE,71,1.18,Played,Yes,No,Not Started
765100,Labirinto,71,1.18,Played,No,No,Not Started
35130,Lara Croft and the Guardian of Light,48,0.8,Short Playtime (< 1 hr),No,No,Not Started
289690,Lara Croft and the Temple of Osiris,130,2.17,Played,Yes,No,Not Started
452920,Laser Disco Defenders,130,2.17,Played,Yes,No,Not Started
730590,Laser League Beta,0,0,Never Played,No,No,No Achievements
749550,Lawnmower Game 2: Drifter,122,2.03,Played,No,No,No Achievements
391720,Layers of Fear (2016),121,2.02,Played,Yes,No,Not Started
42120,Lead and Gold - Gangs of the Wild West,131,2.18,Played,No,No,In Progress
532210,Life is Strange 2,289,4.82,Played,Yes,No,Not Started
873320,Life's Playground,0,0,Never Played,No,No,No Achievements
3352550,Like a Dragon: Pirate Yakuza in Hawaii Demo,0,0,Never Played,No,No,No Achievements
733050,Lines Infinite,71,1.18,Played,No,No,Not Started
785030,Little Adventurer III,46,0.77,Short Playtime (< 1 hr),No,No,No Achievements
424840,Little Nightmares,857,14.28,Long Playtime (> 10 hrs),Yes,No,In Progress
702200,Lost with Dinosaurs,101,1.68,Played,No,No,In Progress
218640,Lucius,176,2.93,Played,Yes,No,In Progress
914700,MINImax Tinyverse,63,1.05,Played,Yes,No,No Achievements
1507190,Machinika Museum,0,0,Never Played,No,No,No Achievements
40990,Mafia,0,0,Never Played,No,No,No Achievements
42910,Magicka,167,2.78,Played,Yes,No,Not Started
238370,Magicka 2,214,3.57,Played,Yes,No,In Progress
397080,Magicka 2: Spell Balance Beta,1,0.02,Short Playtime (< 1 hr),No,No,Not Started
209630,Magrunner: Dark Pulse,57,0.95,Short Playtime (< 1 hr),Yes,No,Not Started
504130,Manual Samuel - Last Tuesday Edition,182,3.03,Played,Yes,No,Not Started
859440,Mars or Die!,69,1.15,Played,No,No,Not Started
2767030,Marvel Rivals,183,3.05,Played,No,No,Not Started
24980,Mass Effect 2 (2010),63,1.05,Played,No,No,No Achievements
2362420,Mass Effect 2 (2010) Edition,0,0,Never Played,No,No,No Achievements
18480,Mata Hari,0,0,Never Played,No,No,No Achievements
2452280,Mecha BREAK,0,0,Never Played,No,No,Not Started
243200,Memoria,120,2,Played,Yes,No,Not Started
307070,Memories of a Vagabond,175,2.92,Played,Yes,No,No Achievements
63940,Men of War: Vietnam,80,1.33,Played,No,No,Not Started
294020,Merchants of Kaidan,200,3.33,Played,Yes,No,Not Started
567730,Merry Snowballs,71,1.18,Played,Yes,No,No Achievements
994560,Metal Revolution,68,1.13,Played,No,No,No Achievements
43110,Metro 2033,52,0.87,Short Playtime (< 1 hr),No,No,Not Started
286690,Metro 2033 Redux,0,0,Never Played,Yes,No,Not Started
43160,Metro: Last Light Complete Edition,91,1.52,Played,Yes,No,Not Started
241930,Middle-earth™: Shadow of Mordor™,1455,24.25,Long Playtime (> 10 hrs),Yes,No,In Progress
294230,Millie,197,3.28,Played,Yes,No,Not Started
498660,Mind Spheres,114,1.9,Played,Yes,No,In Progress
481870,Mini Thief,153,2.55,Played,Yes,No,Not Started
585690,Minimalism,228,3.8,Played,Yes,No,Not Started
489520,Minion Masters,70,1.17,Played,Yes,No,Not Started
17410,Mirror's Edge,302,5.03,Played,Yes,No,No Achievements
526790,Monsti,179,2.98,Played,Yes,No,No Achievements
922630,Mortal Royale,63,1.05,Played,No,No,No Achievements
778590,Mountain Troll,46,0.77,Short Playtime (< 1 hr),No,No,No Achievements
796640,Mr.Jezko,80,1.33,Played,No,No,In Progress
1818750,MultiVersus,672,11.2,Long Playtime (> 10 hrs),No,No,Not Started
613900,Museum of Other Realities,58,0.97,Short Playtime (< 1 hr),No,No,No Achievements
363860,MythForce,0,0,Never Played,No,No,Not Started
839910,Mythgard,57,0.95,Short Playtime (< 1 hr),No,No,No Achievements
1203220,NARAKA: BLADEPOINT,1238,20.63,Long Playtime (> 10 hrs),Yes,No,Not Started
624690,NEXT JUMP: Shmup Tactics,0,0,Never Played,Yes,No,Not Started
7860,NecroVisioN,0,0,Never Played,No,No,No Achievements
628950,Nephise Begins,51,0.85,Short Playtime (< 1 hr),Yes,No,Not Started
1454970,New Tales from the Borderlands,0,0,Never Played,No,No,Not Started
613280,Next Up Hero Beta,58,0.97,Short Playtime (< 1 hr),No,No,No Achievements
219950,NiGHTS into Dreams...,57,0.95,Short Playtime (< 1 hr),No,No,Not Started
781610,Night Fly,46,0.77,Short Playtime (< 1 hr),No,No,Not Started
485450,Ninja Stealth,0,0,Never Played,Yes,No,Not Started
1929870,Nomad Survival,0,0,Never Played,No,No,Not Started
400370,Normality,260,4.33,Played,Yes,No,No Achievements
2337860,Nubs!,0,0,Never Played,No,No,Not Started
540900,Nuclear Contingency,99,1.65,Played,Yes,No,Not Started
301700,Numba Deluxe,41,0.68,Short Playtime (< 1 hr),No,No,No Achievements
378100,Nyctophobia,125,2.08,Played,Yes,No,Not Started
719120,O'Fox life,70,1.17,Played,No,No,Not Started
952440,OVERKILL's The Walking Dead - BETA,0,0,Never Played,No,No,No Achievements
15700,Oddworld: Abe's Oddysee,163,2.72,Played,Yes,No,No Achievements
769920,Odysseus Kosmos and his Robot Quest - Episode 1,46,0.77,Short Playtime (< 1 hr),No,No,Not Started
1343370,Old School RuneScape,1483,24.72,Long Playtime (> 10 hrs),Yes,No,Not Started
969760,Omno,0,0,Never Played,No,No,Not Started
840180,On Board 4 PC,57,0.95,Short Playtime (< 1 hr),No,No,No Achievements
757290,On Board Game,70,1.17,Played,No,No,No Achievements
588110,One Dog Story,292,4.87,Played,Yes,No,Not Started
264200,One Finger Death Punch,133,2.22,Played,No,No,Not Started
584780,Operation swat,142,2.37,Played,Yes,No,No Achievements
544180,Orbox C,216,3.6,Played,Yes,No,Not Started
261570,Ori and the Blind Forest,201,3.35,Played,Yes,No,Not Started
387290,Ori and the Blind Forest: Definitive Edition,1891,31.52,Long Playtime (> 10 hrs),No,No,In Progress
1057090,Ori and the Will of the Wisps,2262,37.7,Long Playtime (> 10 hrs),Yes,No,In Progress
491950,Orwell,218,3.63,Played,Yes,No,Not Started
293180,Overcast - Walden and the Werewolf,208,3.47,Played,Yes,No,No Achievements
765260,Overhead,117,1.95,Played,No,No,No Achievements
555070,Overload Multiplayer Beta,1,0.02,Short Playtime (< 1 hr),No,No,No Achievements
441380,PAC-MAN™ CHAMPIONSHIP EDITION 2,53,0.88,Short Playtime (< 1 hr),Yes,No,Not Started
218620,PAYDAY 2,319,5.32,Played,Yes,No,In Progress
232770,POSTAL,120,2,Played,Yes,No,Not Started
578080,PUBG: BATTLEGROUNDS,965,16.08,Long Playtime (> 10 hrs),No,No,In Progress
444090,Paladins,631,10.52,Long Playtime (> 10 hrs),Yes,No,Not Started
596350,Paladins - Public Test,1,0.02,Short Playtime (< 1 hr),No,No,No Achievements
2707930,Palia,46,0.77,Short Playtime (< 1 hr),No,No,Not Started
418670,Pankapu,0,0,Never Played,Yes,No,Not Started
610570,Paradox Soul,0,0,Never Played,Yes,No,No Achievements
343360,Particula,146,2.43,Played,Yes,No,No Achievements
2796010,Party Club,0,0,Never Played,Yes,No,Not Started
238960,Path of Exile,1057,17.62,Long Playtime (> 10 hrs),Yes,No,Not Started
57620,Patrician IV: Steam Special Edition,39,0.65,Short Playtime (< 1 hr),No,No,No Achievements
1013310,Peaky Blinders: Mastermind,0,0,Never Played,No,No,Not Started
346290,Penumbra: Necrologue,68,1.13,Played,No,No,No Achievements
572890,Pikuniku,216,3.6,Played,Yes,No,Not Started
2328760,Pinball FX,0,0,Never Played,No,No,Not Started
442120,Pinball FX3,52,0.87,Short Playtime (< 1 hr),No,No,Not Started
254040,Pirates of Black Cove Gold,63,1.05,Played,No,No,No Achievements
490510,Pixel Puzzles 2: Christmas,229,3.82,Played,Yes,No,Not Started
504880,Pixel Puzzles 2: RADical ROACH,140,2.33,Played,Yes,No,Not Started
1005240,Pixel Puzzles Illustrations & Anime Jigsaw Puzzles,0,0,Never Played,No,No,Not Started
1058200,Pixel Puzzles Traditional Jigsaw Puzzles,51,0.85,Short Playtime (< 1 hr),No,No,Not Started
285010,Pixel Puzzles: UndeadZ,135,2.25,Played,Yes,No,Not Started
218510,Planets Under Attack,181,3.02,Played,Yes,No,Not Started
778850,Please close the doors,46,0.77,Short Playtime (< 1 hr),No,No,No Achievements
1455900,Plunder Panic,38,0.63,Short Playtime (< 1 hr),No,No,Not Started
368180,Polyball,88,1.47,Played,Yes,No,Not Started
684680,Polygoneer,56,0.93,Short Playtime (< 1 hr),Yes,No,Not Started
243280,Poof,117,1.95,Played,Yes,No,Not Started
400,Portal,0,0,Never Played,No,No,Not Started
620,Portal 2,809,13.48,Long Playtime (> 10 hrs),Yes,No,In Progress
247120,Portal 2 Sixense Perceptual Pack,62,1.03,Played,No,No,No Achievements
2012840,Portal with RTX,0,0,Never Played,No,No,Not Started
763490,Precision Archery: Competitive,71,1.18,Played,No,No,No Achievements
368780,President for a Day - Corruption,290,4.83,Played,Yes,No,Not Started
522040,Princess Remedy In A Heap of Trouble,63,1.05,Played,Yes,No,No Achievements
490220,Prismata,246,4.1,Played,Yes,No,Not Started
1214520,Pro Gymnast,57,0.95,Short Playtime (< 1 hr),No,No,Not Started
388160,Project Druid - 2D Labyrinth Explorer-,84,1.4,Played,Yes,No,No Achievements
684460,Project Lucie,56,0.93,Short Playtime (< 1 hr),No,No,No Achievements
702150,Project Mercury,56,0.93,Short Playtime (< 1 hr),No,No,Not Started
575760,Project: R.E.B.O.O.T 2,219,3.65,Played,Yes,No,No Achievements
3830,Psychonauts,163,2.72,Played,Yes,No,Not Started
740410,Puzzle Chambers,70,1.17,Played,No,No,Not Started
366990,Puzzle Station 15th Anniversary Retro Release,88,1.47,Played,No,No,No Achievements
252550,Qbeh-1: The Atlas Cube,190,3.17,Played,Yes,No,Not Started
611500,Quake Champions,321,5.35,Played,No,No,Not Started
286120,QuestRun,121,2.02,Played,Yes,No,Not Started
351510,Quiplash,48,0.8,Short Playtime (< 1 hr),No,No,Not Started
8650,RACE 07: Andy Priaulx Crowne Plaza Raceway,65,1.08,Played,No,No,No Achievements
220700,RPG Maker VX Ace,0,0,Never Played,Yes,No,No Achievements
235900,RPG Maker XP,0,0,Never Played,No,No,No Achievements
727480,Reach Me,0,0,Never Played,No,No,Not Started
292390,Realms of the Haunting,0,0,Never Played,No,No,No Achievements
448070,Red Risk,121,2.02,Played,Yes,No,Not Started
1140630,Red Wings,133,2.22,Played,No,No,Not Started
362400,Regimental Chess,438,7.3,Played,Yes,No,No Achievements
680360,Regions Of Ruin,56,0.93,Short Playtime (< 1 hr),Yes,No,Not Started
941570,Relicta,0,0,Never Played,No,No,Not Started
228300,Remember Me,845,14.08,Long Playtime (> 10 hrs),Yes,No,In Progress
431810,Rencounter,217,3.62,Played,Yes,No,Not Started
99300,Renegade Ops,66,1.1,Played,No,No,Not Started
500870,Riddles Of The Past,232,3.87,Played,Yes,No,Not Started
418460,Rising Storm 2: Vietnam,195,3.25,Played,Yes,No,Not Started
405760,Robot Squad Simulator 2017,62,1.03,Played,No,No,Not Started
1554970,Rogue Spirit,209,3.48,Played,Yes,No,Not Started
262470,Rollers of the Realm,149,2.48,Played,Yes,No,Not Started
397720,Romance of the Three Kingdoms Maker,113,1.88,Played,No,No,No Achievements
286440,Rover Rescue,66,1.1,Played,No,No,No Achievements
3136050,Royal Revolt Survivors Demo,0,0,Never Played,No,No,No Achievements
435120,Rusty Lake Hotel,52,0.87,Short Playtime (< 1 hr),Yes,No,Not Started
71240,SEGA Bass Fishing,0,0,Never Played,No,No,Not Started
34270,SEGA Mega Drive & Genesis Classics,85,1.42,Played,Yes,No,Not Started
1144770,SLUDGE LIFE,0,0,Never Played,No,No,Not Started
802240,SOS: Classic,0,0,Never Played,No,No,No Achievements
494580,STANDBY,147,2.45,Played,Yes,No,Not Started
1286830,STAR WARS™: The Old Republic™,408,6.8,Played,Yes,No,Not Started
1124660,STORM AREA 51: AYY LMAO EDITION,366,6.1,Played,Yes,No,Not Started
1283700,SUPERVIVE,0,0,Never Played,No,No,No Achievements
984110,SYNTHETIK: Arena,66,1.1,Played,No,No,No Achievements
9480,Saints Row 2,191,3.18,Played,No,No,No Achievements
8260,Sam & Max 201: Ice Station Santa,61,1.02,Played,No,No,No Achievements
8270,Sam & Max 202: Moai Better Blues,57,0.95,Short Playtime (< 1 hr),No,No,No Achievements
8280,Sam & Max 203: Night of the Raving Dead,57,0.95,Short Playtime (< 1 hr),No,No,No Achievements
8290,Sam & Max 204: Chariots of the Dogs,57,0.95,Short Playtime (< 1 hr),No,No,No Achievements
8300,Sam & Max 205: What's New Beelzebub?,57,0.95,Short Playtime (< 1 hr),No,No,No Achievements
31220,Sam & Max 301: The Penal Zone,48,0.8,Short Playtime (< 1 hr),No,No,No Achievements
31230,Sam & Max 302: The Tomb of Sammun-Mak,118,1.97,Played,No,No,No Achievements
31240,Sam & Max 303: They Stole Max's Brain!,47,0.78,Short Playtime (< 1 hr),No,No,No Achievements
31250,Sam & Max 304: Beyond the Alley of the Dolls,47,0.78,Short Playtime (< 1 hr),No,No,No Achievements
31260,Sam & Max 305: The City that Dares not Sleep,48,0.8,Short Playtime (< 1 hr),No,No,No Achievements
210770,Sanctum 2,223,3.72,Played,Yes,No,Not Started
551570,Sarab: Duji Tower,71,1.18,Played,No,No,No Achievements
268870,Satellite Reign,256,4.27,Played,Yes,No,Not Started
567780,Satellite Repairman,142,2.37,Played,Yes,No,Not Started
698670,Scorn,153,2.55,Played,Yes,No,Not Started
465760,Scrap Garden,64,1.07,Played,Yes,No,Not Started
253940,Septerra Core,249,4.15,Played,Yes,No,No Achievements
272060,Serena,62,1.03,Played,No,No,No Achievements
522210,Serial Cleaner,364,6.07,Played,Yes,No,In Progress
204340,Serious Sam 2,57,0.95,Short Playtime (< 1 hr),No,No,No Achievements
41070,Serious Sam 3: BFE,113,1.88,Played,Yes,No,Not Started
564310,Serious Sam Fusion 2017 (beta),71,1.18,Played,No,No,Not Started
233130,Shadow Warrior,121,2.02,Played,Yes,No,Not Started
234650,Shadowrun Returns,172,2.87,Played,Yes,No,No Achievements
585450,Shadows: Awakening,294,4.9,Played,Yes,No,Not Started
422250,ShipLord,164,2.73,Played,Yes,No,Not Started
804970,Shoottera,0,0,Never Played,No,No,No Achievements
1258080,Shop Titans,94,1.57,Played,Yes,No,Not Started
1076280,Showdown Bandit,51,0.85,Short Playtime (< 1 hr),No,No,Not Started
364210,Sierra Ops,325,5.42,Played,Yes,No,Not Started
809320,Silent Tweets,0,0,Never Played,No,No,Not Started
814200,Simple Story - Alex,46,0.77,Short Playtime (< 1 hr),No,No,Not Started
204880,Sins of a Solar Empire: Rebellion,170,2.83,Played,Yes,No,Not Started
308600,Skillshot City,144,2.4,Played,Yes,No,Not Started
315320,Skilltree Saga,0,0,Never Played,No,No,Not Started
756190,Sky Road,70,1.17,Played,No,No,Not Started
679430,Skyraine,56,0.93,Short Playtime (< 1 hr),No,No,Not Started
816670,Slayer Of Traitors,46,0.77,Short Playtime (< 1 hr),No,No,No Achievements
542340,Slingshot people,100,1.67,Played,Yes,No,No Achievements
306350,Slipstream 5000,92,1.53,Played,Yes,No,No Achievements
485500,Smithy,168,2.8,Played,Yes,No,No Achievements
544330,Snake Pass,253,4.22,Played,Yes,No,Not Started
553340,SolarGun,285,4.75,Played,Yes,No,In Progress
200940,Sonic CD,8,0.13,Short Playtime (< 1 hr),No,No,In Progress
659190,"Sorry, James",41,0.68,Short Playtime (< 1 hr),Yes,No,Not Started
740210,"Sorry, James Demo",0,0,Never Played,No,No,No Achievements
369180,SoulCraft,0,0,Never Played,No,No,Not Started
283310,Soulbringer,66,1.1,Played,No,No,No Achievements
547960,Space Beret,104,1.73,Played,Yes,No,Not Started
1176710,Space Crew: Legendary Edition,0,0,Never Played,Yes,No,Not Started
1610,Space Empires IV Deluxe,0,0,Never Played,No,No,No Achievements
429470,Space Pilgrim Episode I: Alpha Centauri,74,1.23,Played,Yes,No,Not Started
431710,Space Pilgrim Episode II: Epsilon Indi,69,1.15,Played,Yes,No,Not Started
446640,Space Pilgrim Episode IV: Sol,181,3.02,Played,Yes,No,Not Started
253650,Sparkle 2 Evo,215,3.58,Played,Yes,No,In Progress
50300,Spec Ops: The Line,64,1.07,Played,No,No,Not Started
360620,Spellsworn,269,4.48,Played,Yes,No,No Achievements
528660,Spin Rush,257,4.28,Played,Yes,No,Not Started
1213700,Spirit of the North,228,3.8,Played,Yes,No,Not Started
2918300,Splitgate 2,0,0,Never Played,No,No,Not Started
1731590,Squadron 51 - Prologue,75,1.25,Played,No,No,No Achievements
711930,Square Head Zombies,0,0,Never Played,No,No,Not Started
383330,Star Chronicles: Delta Quadrant,128,2.13,Played,Yes,No,Not Started
46270,Star Wolves,219,3.65,Played,No,No,No Achievements
525300,Starship Annihilator,127,2.12,Played,Yes,No,Not Started
408750,Starsphere,428,7.13,Played,Yes,No,Not Started
584890,Stayin' Alive,168,2.8,Played,Yes,No,Not Started
209190,Stealth Bastard Deluxe,175,2.92,Played,Yes,No,Not Started
252410,SteamWorld Dig,139,2.32,Played,Yes,No,Not Started
571310,SteamWorld Dig 2,117,1.95,Played,Yes,No,Not Started
619700,Steel Rats,58,0.97,Short Playtime (< 1 hr),Yes,No,Not Started
439190,Stories: The Path of Destinies,249,4.15,Played,Yes,No,Not Started
847660,Story: Heaven & Hell,57,0.95,Short Playtime (< 1 hr),No,No,Not Started
385150,Stranded In Time,300,5,Played,Yes,No,No Achievements
1621990,Stray Blade,360,6,Played,Yes,No,Not Started
1261040,Streamer Life Simulator,0,0,Never Played,No,No,Not Started
235210,Strider,297,4.95,Played,Yes,No,In Progress
1282270,Strinova,0,0,Never Played,No,No,No Achievements
232890,Stronghold Crusader 2,234,3.9,Played,Yes,No,In Progress
818790,Stunt Hill,65,1.08,Played,No,No,No Achievements
303610,Suicide Guy,58,0.97,Short Playtime (< 1 hr),Yes,No,Not Started
1316760,Suicide Guy VR,80,1.33,Played,Yes,No,Not Started
860860,Suicide Guy: Sleepin' Deeply,23,0.38,Short Playtime (< 1 hr),Yes,No,Not Started
2076250,Sunday Gold: Prologue,0,0,Never Played,No,No,No Achievements
772480,Super Inefficient Golf,69,1.15,Played,No,No,Not Started
745340,Super Meat Shooter,70,1.17,Played,No,No,No Achievements
606140,Survived By,58,0.97,Short Playtime (< 1 hr),No,No,No Achievements
464920,Surviving Mars,164,2.73,Played,Yes,No,Not Started
63500,Swords and Soldiers HD,60,1,Played,No,No,Not Started
46500,Syberia,64,1.07,Played,Yes,No,No Achievements
46510,Syberia 2,140,2.33,Played,Yes,No,No Achievements
443910,TGV Voyages Train Simulator,0,0,Never Played,No,No,No Achievements
2073850,THE FINALS,0,0,Never Played,No,No,Not Started
341540,TRIP Steam Edition,52,0.87,Short Playtime (< 1 hr),No,No,No Achievements
330830,Tales from the Borderlands,0,0,Never Played,No,No,Not Started
755230,Target speed,0,0,Never Played,No,No,No Achievements
440,Team Fortress 2,3591,59.85,Long Playtime (> 10 hrs),Yes,No,Not Started
846820,Tell Me Everything,57,0.95,Short Playtime (< 1 hr),No,No,Not Started
1180660,Tell Me Why,57,0.95,Short Playtime (< 1 hr),No,No,Not Started
261510,Tesla Effect,144,2.4,Played,Yes,No,No Achievements
608990,The Archotek Project,0,0,Never Played,Yes,No,Not Started
845070,The Awesome Adventures of Captain Spirit,57,0.95,Short Playtime (< 1 hr),No,No,No Achievements
1889640,The Backrooms: Survival,0,0,Never Played,No,No,Not Started
65930,The Bureau: XCOM Declassified,121,2.02,Played,Yes,No,Not Started
1577250,The Chant,0,0,Never Played,No,No,Not Started
939850,The Dark Pictures Anthology: Man of Medan,113,1.88,Played,Yes,No,Not Started
346950,The Dark Stone from Mebara,119,1.98,Played,Yes,No,No Achievements
67370,The Darkness II,56,0.93,Short Playtime (< 1 hr),No,No,Not Started
420740,The Deed,291,4.85,Played,Yes,No,Not Started
351940,The Descendant,162,2.7,Played,Yes,No,In Progress
699480,The Doorbreaker,0,0,Never Played,No,No,Not Started
94300,The Dream Machine,202,3.37,Played,Yes,No,In Progress
72850,The Elder Scrolls V: Skyrim,185,3.08,Played,Yes,No,Not Started
601430,The Evil Within 2,1192,19.87,Long Playtime (> 10 hrs),Yes,No,In Progress
318600,The Flame in the Flood,103,1.72,Played,Yes,No,Not Started
279720,The I of the Dragon,34,0.57,Short Playtime (< 1 hr),Yes,No,No Achievements
640590,The LEGO® NINJAGO® Movie Video Game,58,0.97,Short Playtime (< 1 hr),No,No,Not Started
522570,The Last Hope,220,3.67,Played,Yes,No,Not Started
1888930,The Last of Us™ Part I,484,8.07,Played,Yes,No,Not Started
1412340,The Legend of Tianding Demo,0,0,Never Played,No,No,No Achievements
774711,The MagiCats Best Of,46,0.77,Short Playtime (< 1 hr),No,No,Not Started
399420,The Prism,240,4,Played,Yes,No,No Achievements
857240,The Prison Experiment,56,0.93,Short Playtime (< 1 hr),No,No,No Achievements
1506510,The Ramp,0,0,Never Played,No,No,Not Started
265590,The Red Solstice,271,4.52,Played,Yes,No,Not Started
566190,The Search,71,1.18,Played,Yes,No,Not Started
1222670,The Sims™ 4,49,0.82,Short Playtime (< 1 hr),Yes,No,No Achievements
709700,The Thing: Space X,65,1.08,Played,No,No,Not Started
96000,The Tiny Bang Story,245,4.08,Played,Yes,No,No Achievements
433100,The Town of Light,230,3.83,Played,Yes,No,Not Started
406970,The Uncertain: Last Quiet Day,231,3.85,Played,Yes,No,Not Started
726160,The Under,75,1.25,Played,No,No,No Achievements
37000,The Void,131,2.18,Played,Yes,No,No Achievements
207610,The Walking Dead,127,2.12,Played,Yes,No,Not Started
601640,The guard of dungeon,140,2.33,Played,Yes,No,Not Started
828440,The other side of the screen,65,1.08,Played,No,No,No Achievements
46290,Theatre of War,0,0,Never Played,No,No,No Achievements
1700700,There Is No Light 616,66,1.1,Played,No,No,No Achievements
282070,This War of Mine,188,3.13,Played,Yes,No,Not Started
513340,Through Abandoned: The Forest,197,3.28,Played,Yes,No,Not Started
389270,Through Abandoned: The Underground City,252,4.2,Played,Yes,No,Not Started
548720,Through the Mirror,220,3.67,Played,Yes,No,Not Started
509310,ThrounnelVR,95,1.58,Played,Yes,No,No Achievements
803390,Thunderbolt,65,1.08,Played,No,No,No Achievements
600430,Ticket to Ride: First Journey,59,0.98,Short Playtime (< 1 hr),No,No,Not Started
673450,Time Lock VR 1 ,65,1.08,Played,No,No,No Achievements
1712840,Tiny Tina's Assault on Dragon Keep: A Wonderlands One-shot Adventure,0,0,Never Played,No,No,Not Started
475150,Titan Quest Anniversary Edition,64,1.07,Played,Yes,No,Not Started
297130,Titan Souls,66,1.1,Played,No,No,Not Started
1550270,Togges,0,0,Never Played,No,No,Not Started
584210,Tom Clancy's Ghost Recon Wildlands Open Beta,0,0,Never Played,No,No,No Achievements
203160,Tomb Raider,182,3.03,Played,Yes,No,Not Started
8140,Tomb Raider: Underworld,0,0,Never Played,No,No,No Achievements
34330,Total War: SHOGUN 2,48,0.8,Short Playtime (< 1 hr),Yes,No,Not Started
823130,Totally Accurate Battlegrounds,49,0.82,Short Playtime (< 1 hr),No,No,No Achievements
679740,Totally Mayhem,56,0.93,Short Playtime (< 1 hr),No,No,No Achievements
1788110,Tower Princess: Knight's Trial,0,0,Never Played,No,No,No Achievements
24010,Train Simulator Classic 2024,0,0,Never Played,Yes,No,Not Started
835950,Transpose,57,0.95,Short Playtime (< 1 hr),No,No,Not Started
827640,Trash Story,57,0.95,Short Playtime (< 1 hr),No,No,Not Started
855700,Trippy Jump,56,0.93,Short Playtime (< 1 hr),No,No,Not Started
804600,Trivia Vault Football Trivia,0,0,Never Played,No,No,Not Started
805880,Trivia Vault Olympics Trivia,0,0,Never Played,No,No,Not Started
693880,Trivia Vault: 1980's Trivia 2,0,0,Never Played,No,No,Not Started
821520,Trivia Vault: Boxing Trivia,0,0,Never Played,No,No,Not Started
858420,Trivia Vault: Business Trivia,0,0,Never Played,No,No,Not Started
849620,Trivia Vault: Celebrity Trivia,0,0,Never Played,No,No,Not Started
690240,Trivia Vault: Classic Rock Trivia,67,1.12,Played,No,No,Not Started
693890,Trivia Vault: Classic Rock Trivia 2,0,0,Never Played,No,No,Not Started
860350,Trivia Vault: Fashion Trivia,0,0,Never Played,No,No,Not Started
861720,Trivia Vault: Food Trivia,0,0,Never Played,No,No,Not Started
822900,Trivia Vault: Golf Trivia,0,0,Never Played,No,No,Not Started
781760,Trivia Vault: Health Trivia Deluxe,0,0,Never Played,No,No,Not Started
710120,Trivia Vault: Mini Mixed Trivia 4,59,0.98,Short Playtime (< 1 hr),No,No,Completed
796900,Trivia Vault: Mixed Trivia 2,0,0,Never Played,No,No,Not Started
845970,Trivia Vault: Movie Trivia,0,0,Never Played,No,No,Not Started
687480,Trivia Vault: Science & History Trivia,0,0,Never Played,No,No,Not Started
767030,Trivia Vault: Technology Trivia Deluxe,0,0,Never Played,No,No,Not Started
730220,Trivia Vault: Video Game Trivia Deluxe,0,0,Never Played,No,No,Not Started
57690,Tropico 4,341,5.68,Played,Yes,No,Not Started
1051200,Trover Saves the Universe,109,1.82,Played,Yes,No,Not Started
269710,Tumblestone,237,3.95,Played,Yes,No,Not Started
513780,Turbo Pug DX,175,2.92,Played,Yes,No,In Progress
1241170,Turnip Boy Commits Tax Evasion Demo,74,1.23,Played,No,No,No Achievements
769030,Twine3D,46,0.77,Short Playtime (< 1 hr),No,No,No Achievements
616560,Ultimate Epic Battle Simulator,58,0.97,Short Playtime (< 1 hr),No,No,No Achievements
1035510,Ultimate Zombie Defense,131,2.18,Played,Yes,No,Not Started
45760,Ultra Street Fighter IV,199,3.32,Played,Yes,No,Not Started
445840,Undead vs Plants,62,1.03,Played,No,No,No Achievements
489220,Unforgiving Trials: The Darkest Crusade,279,4.65,Played,Yes,No,No Achievements
218090,Unity of Command,0,0,Never Played,No,No,No Achievements
3062930,Unplagued,0,0,Never Played,No,No,No Achievements
13250,Unreal Gold,98,1.63,Played,No,No,No Achievements
1604030,V Rising,0,0,Never Played,No,No,Not Started
658700,V-Rally 4,1,0.02,Short Playtime (< 1 hr),No,No,Not Started
435780,VIOLET: Space Mission,52,0.87,Short Playtime (< 1 hr),No,No,No Achievements
438100,VRChat,460,7.67,Played,No,No,No Achievements
1938740,Valkyrie Nemesis,165,2.75,Played,No,No,Not Started
1724470,Valkyrie: Journey To Midgard,75,1.25,Played,No,No,No Achievements
211160,Viking: Battle for Asgard,57,0.95,Short Playtime (< 1 hr),No,No,Not Started
255520,Viscera Cleanup Detail: Shadow Warrior,63,1.05,Played,No,No,Not Started
867140,WIN THE GAME: WTF!,120,2,Played,No,No,Not Started
431960,Wallpaper Engine,432,7.2,Played,Yes,No,In Progress
801500,WannaMine,46,0.77,Short Playtime (< 1 hr),No,No,Not Started
230410,Warframe,1242,20.7,Long Playtime (> 10 hrs),Yes,No,Not Started
489630,"Warhammer 40,000: Gladius - Relics of War",0,0,Never Played,Yes,No,Not Started
55150,"Warhammer 40,000: Space Marine - Anniversary Edition",128,2.13,Played,Yes,No,Not Started
1022310,Warhammer Underworlds - Shadespire Edition,51,0.85,Short Playtime (< 1 hr),No,No,Not Started
235540,Warhammer: End Times - Vermintide,257,4.28,Played,Yes,No,Not Started
552500,Warhammer: Vermintide 2,0,0,Never Played,Yes,No,Not Started
737010,Warhammer: Vermintide 2 Closed Test,1,0.02,Short Playtime (< 1 hr),No,No,No Achievements
551110,WayOut,91,1.52,Played,Yes,No,Not Started
683830,Weable,221,3.68,Played,Yes,No,No Achievements
373600,Weapon of Choice,0,0,Never Played,Yes,No,Not Started
1384410,Werewolf: The Apocalypse - Heart of the Forest Demo,63,1.05,Played,No,No,No Achievements
2139020,What the Fog,0,0,Never Played,No,No,Not Started
500710,Wild Terra Online,220,3.67,Played,Yes,No,Not Started
640890,Will Glow the Wisp,58,0.97,Short Playtime (< 1 hr),No,No,Not Started
707010,Will To Live Online,56,0.93,Short Playtime (< 1 hr),No,No,No Achievements
649810,Windstorm: Start of a Great Friendship,159,2.65,Played,Yes,No,Not Started
646100,Woodlands,58,0.97,Short Playtime (< 1 hr),No,No,No Achievements
299460,Woodle Tree Adventures,31,0.52,Short Playtime (< 1 hr),Yes,No,Not Started
1334000,Wordle,271,4.52,Played,Yes,No,Not Started
1477020,Wordle 4,410,6.83,Played,Yes,No,Not Started
699130,World War Z,159,2.65,Played,Yes,No,Not Started
1407200,World of Tanks,323,5.38,Played,Yes,No,Not Started
790710,World of Warplanes,219,3.65,Played,Yes,No,No Achievements
552990,World of Warships,283,4.72,Played,Yes,No,Not Started
1281720,Worms Rumble Open Beta,80,1.33,Played,No,No,No Achievements
228380,Wreckfest,916,15.27,Long Playtime (> 10 hrs),No,No,In Progress
272860,Wreckfest Throw-A-Santa + Sneak Peek 2.0,0,0,Never Played,No,No,No Achievements
366220,Wurm Unlimited,292,4.87,Played,Yes,No,No Achievements
7510,X-Blades,146,2.43,Played,Yes,No,No Achievements
2019990,Yars: Recharged,0,0,Never Played,No,No,Not Started
270550,Yet Another Zombie Defense,104,1.73,Played,Yes,No,Not Started
215690,Zeno Clash 2,169,2.82,Played,Yes,No,Not Started
334920,Zero-K,48,0.8,Short Playtime (< 1 hr),No,No,No Achievements
682290,Zeus' Battlegrounds,56,0.93,Short Playtime (< 1 hr),No,No,Not Started
680550,Zombie Waiting,0,0,Never Played,No,No,No Achievements
718270,ZombieThon,71,1.18,Played,No,No,Not Started
297450,Zombies on a Plane,41,0.68,Short Playtime (< 1 hr),Yes,No,Not Started
823650,Zombow,103,1.72,Played,No,No,No Achievements
617670,Zup! S,139,2.32,Played,Yes,No,Completed
628750,aMAZE 2,163,2.72,Played,Yes,No,Not Started
667300,aMAZE 3D,0,0,Never Played,No,No,No Achievements
853860,aMAZE Classic,192,3.2,Played,No,No,Completed
692200,aMAZE Dark Times,62,1.03,Played,No,No,Not Started
736840,aMAZE Double,62,1.03,Played,No,No,Not Started
806850,aMAZE Gears,62,1.03,Played,No,No,Not Started
776540,aMAZE Untouchable,62,1.03,Played,No,No,Not Started
1665460,eFootball™,0,0,Never Played,No,No,No Achievements